{"loss": [1.7014814615249634, 1.4411579370498657, 1.3041350841522217, 1.1799020767211914, 1.0606411695480347, 0.9478030204772949, 0.8423779010772705, 0.7459121346473694, 0.6673107743263245, 0.6135711073875427, 0.5789235234260559, 0.5367713570594788, 0.5308631658554077, 0.48790237307548523, 0.44735249876976013, 0.3997567296028137, 0.3584469258785248, 0.32893115282058716, 0.31775230169296265, 0.312195360660553, 0.3369395136833191, 0.3300021290779114, 0.3361915647983551, 0.33015093207359314, 0.3173036277294159, 0.29403379559516907, 0.25238317251205444, 0.25442245602607727, 0.2744300663471222, 0.2554517090320587], "accuracy": [0.3357551395893097, 0.4633207619190216, 0.5165857076644897, 0.5695554614067078, 0.6219121813774109, 0.6691490411758423, 0.7142176032066345, 0.7542117238044739, 0.7846925854682922, 0.8032081723213196, 0.8124829530715942, 0.8258559703826904, 0.8262192606925964, 0.8430546522140503, 0.8613091707229614, 0.8799949884414673, 0.8953319191932678, 0.9060598611831665, 0.9093860387802124, 0.9094428420066833, 0.892516553401947, 0.8904958963394165, 0.887226402759552, 0.8889065384864807, 0.8954114317893982, 0.903982400894165, 0.9198528528213501, 0.9173780679702759, 0.9081146121025085, 0.916867196559906], "val_loss": [1.8654003143310547, 1.7999043464660645, 1.7272281646728516, 1.6312886476516724, 1.5027625560760498, 1.3715686798095703, 1.235640048980713, 1.137345790863037, 1.062259554862976, 1.0524893999099731, 1.0805144309997559, 1.02245032787323, 1.1114387512207031, 1.112114667892456, 1.1512048244476318, 1.0866540670394897, 1.1190648078918457, 1.2453705072402954, 1.3531323671340942, 1.281739592552185, 1.2623881101608276, 1.144639015197754, 1.2498215436935425, 1.446879267692566, 1.2086848020553589, 1.2301064729690552, 1.1678324937820435, 1.3579622507095337, 1.2376973628997803, 1.3942571878433228], "val_accuracy": [0.2815203368663788, 0.3385668694972992, 0.39520469307899475, 0.46171921491622925, 0.5161092281341553, 0.565799355506897, 0.6074177622795105, 0.6270008683204651, 0.6472311019897461, 0.6487296223640442, 0.6431441903114319, 0.6860227584838867, 0.6707649230957031, 0.6960356831550598, 0.6957632303237915, 0.729957103729248, 0.7284244894981384, 0.6975682973861694, 0.6797220706939697, 0.7151079773902893, 0.7239288687705994, 0.7576459646224976, 0.7156869173049927, 0.652237594127655, 0.7406511902809143, 0.7475989460945129, 0.7771609425544739, 0.7112253904342651, 0.7524691820144653, 0.7075471878051758]}