{"loss": [1.441430687904358, 0.9962825775146484, 0.6016666889190674, 0.3717629611492157, 0.2601226270198822, 0.20574894547462463, 0.16888053715229034, 0.14596766233444214, 0.129346564412117, 0.11975419521331787, 0.11508587747812271, 0.11025036871433258, 0.10548721998929977, 0.09503871947526932, 0.09350642561912537, 0.08810704201459885, 0.08568896353244781, 0.07956274598836899, 0.0773160457611084, 0.07279933243989944, 0.06830455362796783, 0.0652882531285286, 0.06453973799943924, 0.06183832511305809, 0.059016961604356766, 0.05868497118353844, 0.057242490351200104, 0.0550151988863945, 0.05395021289587021, 0.053902335464954376], "accuracy": [0.446950763463974, 0.6378848552703857, 0.8010058403015137, 0.8858641386032104, 0.9238829612731934, 0.940559446811676, 0.9526950120925903, 0.9578489661216736, 0.9617087244987488, 0.9638770222663879, 0.964444637298584, 0.9659431576728821, 0.966862678527832, 0.9697234630584717, 0.9712446928024292, 0.9727091193199158, 0.9725274443626404, 0.9751044511795044, 0.9753201603889465, 0.9765461683273315, 0.9776813983917236, 0.9789528846740723, 0.979191243648529, 0.9797021150588989, 0.9808940887451172, 0.9812573790550232, 0.9817909598350525, 0.9823358654975891, 0.9826990962028503, 0.982687771320343], "val_loss": [1.2318460941314697, 0.9818981289863586, 0.8586399555206299, 0.7969407439231873, 0.8512477874755859, 0.9303293824195862, 0.9266555905342102, 0.9855940341949463, 1.0252407789230347, 1.0126304626464844, 0.9732570648193359, 0.9915761947631836, 1.04988694190979, 1.0830003023147583, 1.0510914325714111, 1.122621774673462, 1.1581065654754639, 1.1048705577850342, 1.0949395895004272, 1.1560465097427368, 1.223599910736084, 1.1927125453948975, 1.2374805212020874, 1.2836359739303589, 1.2842787504196167, 1.3422644138336182, 1.1996800899505615, 1.3049695491790771, 1.26449453830719, 1.2429898977279663], "val_accuracy": [0.5407669544219971, 0.6597983837127686, 0.748893141746521, 0.8060077428817749, 0.8141815662384033, 0.806484580039978, 0.8270213007926941, 0.8176214098930359, 0.8028063774108887, 0.823309063911438, 0.8391798734664917, 0.8390095829963684, 0.8315850496292114, 0.8351951241493225, 0.839350163936615, 0.8317212462425232, 0.823615550994873, 0.826816976070404, 0.8206525444984436, 0.8248075842857361, 0.8368299007415771, 0.835331380367279, 0.8247394561767578, 0.8155438899993896, 0.8199713826179504, 0.8278387188911438, 0.8364212512969971, 0.8414276838302612, 0.8356379270553589, 0.8366596102714539]}